rva	name
0x00010630	ShineObjectClass::ShinePlayer::sp_NC_ITEM_REVIVEITEMUSE_CMD
0x00011220	ShineObjectClass::ShinePlayer::sp_NC_SKILL_REPLYREVIVE_CMD
0x0001e970	ShineObjectClass::ShinePlayer::sp_NC_AUCTION_SEARCH_REQ
0x0001ec40	GameDBSession::gds_NC_AUCTION_DB_SEARCH_ACK
0x0001ee20	ShineObjectClass::ShinePlayer::sp_NC_AUCTION_BUY_REQ
0x0001f050	GameDBSession::gds_NC_AUCTION_DB_BUY_ACK
0x0001f200	ShineObjectClass::ShinePlayer::sp_NC_AUCTION_MY_REGISTER_GOOD_LIST_REQ
0x0001f3f0	GameDBSession::gds_NC_AUCTION_DB_MY_REGISTER_GOOD_LIST_ACK
0x0001f530	ShineObjectClass::ShinePlayer::sp_NC_AUCTION_REGISTER_GOOD_REQ
0x0001fbb0	GameDBSession::gds_NC_AUCTION_DB_REGISTER_GOOD_ACK
0x0001fd20	ShineObjectClass::ShinePlayer::sp_NC_AUCTION_REGISTER_CANCEL_GOOD_REQ
0x0001ff30	GameDBSession::gds_NC_AUCTION_DB_REGISTER_CANCEL_GOOD_ACK
0x00020030	ShineObjectClass::ShinePlayer::sp_NC_AUCTION_MY_STORAGE_BOX_REQ
0x00020220	GameDBSession::gds_NC_AUCTION_DB_MY_STORAGE_BOX_ACK
0x00020350	ShineObjectClass::ShinePlayer::sp_NC_AUCTION_MY_STORAGE_ITEM_DETAIL_INFO_REQ
0x00020550	GameDBSession::gds_NC_AUCTION_DB_MY_STORAGE_ITEM_DETAIL_INFO_SUC_ACK
0x000206e0	GameDBSession::gds_NC_AUCTION_DB_MY_STORAGE_ITEM_DETAIL_INFO_FAIL_ACK
0x000207e0	ShineObjectClass::ShinePlayer::sp_NC_AUCTION_STORAGE_BOX_WITHDRAW_REQ
0x00020b30	GameDBSession::gds_NC_AUCTION_DB_STORAGE_BOX_WITHDRAW_ACK
0x00022a30	ShineObjectClass::ShinePlayer::sp_NC_BAT_UNTARGET_REQ
0x00022b30	ShineObjectClass::ShinePlayer::sp_NC_BAT_ASSIST_REQ
0x00022c80	ShineObjectClass::ShinePlayer::sp_NC_BAT_ABSTATE_ERASE_REQ
0x00025940	ShineObjectClass::ShinePlayer::sp_NC_BAT_SMASH_REQ
0x00025b60	WorldManagerSession::wms_NC_GUILD_GUILDWARCONFIRM_ACK
0x00025d20	ShineObjectClass::ShinePlayer::sp_NC_BAT_BASHSTOP_CMD
0x000274a0	ShineObjectClass::ShinePlayer::sp_NC_BAT_TARGETTING_REQ
0x000276a0	ShineObjectClass::ShinePlayer::sp_NC_BAT_HIT_REQ
0x000281e0	ShineObjectClass::ShinePlayer::sp_NC_BAT_BASHSTART_CMD
0x0002afd0	std::vector<PROTO_NC_BAT_SKILLBASH_HIT_DAMAGE_CMD::SkillDamage,std::allocator<PROTO_NC_BAT_SKILLBASH_HIT_DAMAGE_CMD::SkillDamage> >::size
0x0002b130	std::fill<PROTO_NC_BAT_SKILLBASH_HIT_DAMAGE_CMD::SkillDamage *,PROTO_NC_BAT_SKILLBASH_HIT_DAMAGE_CMD::SkillDamage>
0x0002b170	std::_Copy_backward_opt<PROTO_NC_BAT_SKILLBASH_HIT_DAMAGE_CMD::SkillDamage *,PROTO_NC_BAT_SKILLBASH_HIT_DAMAGE_CMD::SkillDamage *>
0x0002c0b0	std::_Uninit_copy<std::vector<PROTO_NC_BAT_SKILLBASH_HIT_DAMAGE_CMD::SkillDamage,std::allocator<PROTO_NC_BAT_SKILLBASH_HIT_DAMAGE_CMD::SkillDamage> >::iterator,PROTO_NC_BAT_SKILLBASH_HIT_DAMAGE_CMD::SkillDamage *,std::allocator<PROTO_NC_BAT_SKILLBASH_H...
0x0002c7a0	std::_Copy_opt<PROTO_NC_BAT_SKILLBASH_HIT_DAMAGE_CMD::SkillDamage *,PROTO_NC_BAT_SKILLBASH_HIT_DAMAGE_CMD::SkillDamage *>
0x0002c7e0	std::_Uninit_fill_n<PROTO_NC_BAT_SKILLBASH_HIT_DAMAGE_CMD::SkillDamage *,unsigned int,PROTO_NC_BAT_SKILLBASH_HIT_DAMAGE_CMD::SkillDamage,std::allocator<PROTO_NC_BAT_SKILLBASH_HIT_DAMAGE_CMD::SkillDamage> >
0x0002cc40	std::vector<PROTO_NC_BAT_SKILLBASH_HIT_DAMAGE_CMD::SkillDamage,std::allocator<PROTO_NC_BAT_SKILLBASH_HIT_DAMAGE_CMD::SkillDamage> >::_Ufill
0x0002ce10	std::vector<PROTO_NC_BAT_SKILLBASH_HIT_DAMAGE_CMD::SkillDamage,std::allocator<PROTO_NC_BAT_SKILLBASH_HIT_DAMAGE_CMD::SkillDamage> >::_Xlen
0x0002ce80	std::vector<PROTO_NC_BAT_SKILLBASH_HIT_DAMAGE_CMD::SkillDamage,std::allocator<PROTO_NC_BAT_SKILLBASH_HIT_DAMAGE_CMD::SkillDamage> >::_Insert_n
0x0002d400	std::vector<PROTO_NC_BAT_SKILLBASH_HIT_DAMAGE_CMD::SkillDamage,std::allocator<PROTO_NC_BAT_SKILLBASH_HIT_DAMAGE_CMD::SkillDamage> >::reserve
0x0002d7c0	std::vector<PROTO_NC_BAT_SKILLBASH_HIT_DAMAGE_CMD::SkillDamage,std::allocator<PROTO_NC_BAT_SKILLBASH_HIT_DAMAGE_CMD::SkillDamage> >::resize
0x0002ec70	PROTO_NC_CHAR_WEDDINGDATA_ACK::Reset
0x00030da0	ShineObjectClass::ShinePlayer::sp_NC_BRIEFINFO_INFORM_CMD
0x00031060	ShineObjectClass::ShinePlayer::sp_NC_MISC_HIDE_EXCEPT_ME_ON_CMD
0x00031af0	GameDBSession::gds_NC_ITEMDB_CREATEMUSHROOMSUC_ACK
0x00031bd0	GameDBSession::gds_NC_ITEMDB_CREATEMUSHROOMFAIL_ACK
0x00031f60	WorldManagerSession::wms_NC_MISC_CONNECTFROMWHERE_ACK
0x00033b50	ShineObjectClass::ShinePlayer::sp_NC_MISC_HIDE_EXCEPT_ME_OFF_CMD
0x00035570	ShineObjectClass::ShinePlayer::sp_NC_MAP_LOGINCOMPLETE_CMD
0x0003b6a0	WorldManagerSession::wms_NC_CHAR_REGISTNUMBER_ACK
0x0003b780	WorldManagerSession::wms_NC_CHAR_ZONE_BASE_CMD
0x0003b870	PROTO_NC_CHAR_BASE_CMD::operator=
0x0003b950	WorldManagerSession::wms_NC_CHAR_ZONE_SHAPE_CMD
0x0003bb40	WorldManagerSession::wms_NC_CHAR_ZONE_QUEST_DOING_CMD
0x0003bc40	WorldManagerSession::wms_NC_CHAR_ZONE_QUEST_DONE_CMD
0x0003bd40	WorldManagerSession::wms_NC_CHAR_ZONE_QUEST_READ_CMD
0x0003be40	WorldManagerSession::wms_NC_CHAR_ZONE_QUEST_REPEAT_CMD
0x0003c420	WorldManagerSession::wms_NC_CHAR_ZONE_ABSTATE_CMD
0x0003c520	WorldManagerSession::wms_NC_CHAR_ZONE_GUILD_CMD
0x0003c620	WorldManagerSession::wms_NC_CHAR_GUILD_ACADEMY_ZONE_CMD
0x0003c720	WorldManagerSession::wms_NC_CHAR_ZONE_PASSIVE_CMD
0x0003c950	WorldManagerSession::wms_NC_CHAR_ZONE_CHARGEDBUFF_CMD
0x0003ca60	WorldManagerSession::wms_NC_CHAR_ZONE_SKILL_CMD
0x0003cd30	WorldManagerSession::wms_NC_CHAR_ZONE_GAME_CMD
0x0003cf50	WorldManagerSession::wms_NC_CHAR_ZONE_ITEM_CMD
0x0003d050	GameDBSession::gds_NC_ITEMDB_OPENSTORAGE_ACK
0x0003d2e0	WorldManagerSession::wms_NC_CHAR_ZONE_CHESTINFO_CMD
0x0003d530	WorldManagerSession::wms_NC_CHAR_GET_CHAT_BLOCK_SPAMER_CMD
0x0003d620	WorldManagerSession::wms_NC_USER_CONNECTION_ZONE_CHANGE_CHAR_ID_CMD
0x0003e550	WorldManagerSession::wms_NC_CHAR_ITEMACTIONCOOLTIME_ZONE_CMD
0x0003e8b0	GameDBSession::gds_NC_SKILL_SKILLTEACHSUC_ACK
0x0003eab0	GameDBSession::gds_NC_SKILL_SKILLTEACHFAIL_ACK
0x0003eb90	GameDBSession::gds_NC_SKILL_EMPOW_RESET_DB_SUC_ACK
0x0003ecb0	GameDBSession::gds_NC_SKILL_EMPOW_RESET_DB_FAIL_ACK
0x0003ed80	ShineObjectClass::ShinePlayer::sp_NC_SKILL_EMPOWALLOC_REQ
0x0003f3d0	GameDBSession::gds_NC_SKILL_EMPOWALLOC_DB_ACK
0x000407d0	WorldManagerSession::wms_NC_MISC_TIMEFROMWORLD_CMD
0x00040f90	ShineObjectClass::ShinePlayer::sp_NC_MISC_SEED_REQ
0x000415e0	GameDBSession::gds_NC_CHAR_CLASSCHANGE_ACK
0x00041c60	ShineObjectClass::ShinePlayer::sp_NC_MAP_LOGIN_REQ
0x00041f60	ShineObjectClass::ShinePlayer::sp_NC_CHAR_REVIVE_REQ
0x000431d0	PROTO_NC_CHARSAVE_ALL_REQ::operator=
0x00044360	GameDBSession::gds_NC_CHARSAVE_ALL_ACK
0x00044430	GameDBSession::NC_CHARSAVE_QUEST_DOING_ACK
0x00044500	GameDBSession::gds_NC_CHARSAVE_ABSTATE_ACK
0x000445d0	GameDBSession::gds_NC_CHARSAVE_SKILL_ACK
0x000446a0	GameDBSession::gds_NC_CHARSAVE_REST_EXP_LAST_EXEC_TIME_SAVE_ACK
0x00044770	GameDBSession::gds_NC_CHARSAVE_AUTO_PICK_SAVE_ACK
0x000447c0	ShineObjectClass::ShinePlayer::so_Send_NC_CHARSAVE_2WLDMAN_SKILL_CMD
0x00045e50	ShineObjectClass::ShinePlayer::sp_NC_ACT_JUMP_CMD
0x000460a0	ShineObjectClass::ShinePlayer::sp_NC_ACT_STOP_REQ
0x00046270	ShineObjectClass::ShinePlayer::sp_NC_ACT_WALK_REQ
0x00046450	ShineObjectClass::ShinePlayer::sp_NC_ACT_RUN_REQ
0x00046630	ShineObjectClass::ShinePlayer::sp_NC_ACT_CHANGEMODE_REQ
0x00046820	ShineObjectClass::ShinePlayer::sp_NC_ACT_PITCHTENT_REQ
0x00046b30	ShineObjectClass::ShinePlayer::sp_NC_ACT_FOLDTENT_REQ
0x00046d70	ShineObjectClass::ShinePlayer::sp_NC_ACT_MOVEWALK_CMD
0x000470f0	ShineObjectClass::ShinePlayer::sp_NC_ACT_MOVERUN_CMD
0x00047590	ShineObjectClass::ShinePlayer::sp_NC_ACT_ACTIONBYITEM_REQ
0x00047980	ShineObjectClass::ShinePlayer::sp_NC_ACT_EMOTICON_CMD
0x00047c20	ShineObjectClass::ShinePlayer::sp_NC_ACT_EMOTICONSTOP_CMD
0x00047de0	ShineObjectClass::ShinePlayer::sp_NC_ACT_CHAT_REQ
0x00048170	ShineObjectClass::ShinePlayer::sp_NC_ACT_SHOUT_CMD
0x000492e0	ClientSession::Send_NC_MISC_SEED_ACK
0x000493e0	PROTO_NC_CHAR_PLAYERFOUND_RNG::operator=
0x00049440	PROTO_NC_CHAR_PLAYERFOUND_BY_NORMAL_USER_RNG::operator=
0x00049550	ZoneListenSession::zls_NC_MISC_HEARTBEAT_REQ
0x00049620	ZoneListenSession::zls_NC_MISC_ZONERINGLINKTEST_RNG
0x00049850	ZoneListenSession::zls_NC_CHAR_PLAYERSUMMON_RNG
0x000499b0	ZoneListenSession::zls_NC_CHAR_PLAYERSEARCH_RNG
0x00049b90	ZoneListenSession::zls_NC_CHAR_PLAYERFOUND_RNG
0x00049d00	ZoneListenSession::zls_NC_CHAR_KICKPLAYEROUT_RNG
0x00049eb0	ZoneListenSession::zls_NC_CHAR_PLAYERBANNED_RNG
0x00049ff0	ZoneListenSession::zls_NC_MAP_EXPBONUS_RNG
0x0004a0b0	ZoneListenSession::zls_NC_MAP_ITEMBONUS_RNG
0x0004a170	ZoneListenSession::zls_NC_CHAR_PLAYERSEARCH_BY_NORMAL_USER_RNG
0x0004a360	ZoneListenSession::zls_NC_CHAR_PLAYERFOUND_BY_NORMAL_USER_RNG
0x0004c210	ShineObjectClass::ShinePlayer::sp_NC_ACT_RIDE_FEEDING_REQ
0x0004f6f0	ListFunctionCall<FieldMap,PROTO_NC_MAP_REGIST_CMD>
0x000530c0	GameDBSession::gds_NC_MISC_S2SCONNECTION_RDY
0x000531d0	GameDBSession::gds_NC_MISC_S2SCONNECTION_ACK
0x000531f0	GameDBSession::gds_NC_MISC_HEARTBEAT_REQ
0x000532c0	GameDBSession::gds_NC_ITEMDB_OPENSTORAGE_FAIL_ACK
0x000534b0	GameLogSession::gls_NC_MISC_S2SCONNECTION_RDY
0x000535c0	GameLogSession::gls_NC_MISC_S2SCONNECTION_ACK
0x000535d0	GameLogSession::gls_NC_MISC_HEARTBEAT_REQ
0x000544a0	ShineObjectClass::ShinePlayer::sp_NC_ACT_GATHERCANCEL_CMD
0x00054990	ShineObjectClass::ShinePlayer::sp_NC_ACT_PRODUCE_CASTABORT_CMD
0x00055a50	GameDBSession::gds_NC_ITEMDB_PRODUCE_ACK
0x00055c50	ShineObjectClass::ShinePlayer::sp_NC_SKILL_PRODUCTFIELD_REQ
0x00055f30	ShineObjectClass::ShinePlayer::sp_NC_ACT_COOKING_CASTABORT_CMD
0x000563d0	GameDBSession::gds_NC_ITEMDB_COOKING_ACK
0x00056660	ShineObjectClass::ShinePlayer::sp_NC_ACT_GATHERCOMPLETE_REQ
0x00056720	ShineObjectClass::ShinePlayer::sp_NC_ACT_GATHERSTART_REQ
0x000569f0	ShineObjectClass::ShinePlayer::sp_NC_ACT_PRODUCE_CAST_REQ
0x00056d10	ShineObjectClass::ShinePlayer::sp_NC_ACT_COOKING_CAST_REQ
0x00057150	GameDBSession::gds_NC_ITEMDB_GUILD_ACADEMY_REWARD_STORAGE_OPEN_ACK
0x00057c30	WorldManagerSession::wms_NC_GUILD_ACADEMY_ZONE_MEMBER_JOIN_CMD
0x00057d30	WorldManagerSession::wms_NC_GUILD_ACADEMY_ZONE_MEMBER_LEAVE_CMD
0x00057e20	WorldManagerSession::wms_NC_GUILD_ACADEMY_ZONE_MASTER_TELEPORT_CMD
0x00057f10	WorldManagerSession::wms_NC_GUILD_ACADEMY_ZONE_MEMBER_GUILD_JOIN_CMD
0x00058020	WorldManagerSession::wms_NC_GUILD_ACADEMY_ZONE_GUILD_BUFF_CMD
0x000580e0	WorldManagerSession::wms_NC_GUILD_ACADEMY_ZONE_GUILD_ACADEMY_MASTER_BUFF_CMD
0x000581a0	WorldManagerSession::wms_NC_GUILD_ACADEMY_REWARDSTORAGE_GRADE_INFO_CMD
0x00058290	GameDBSession::gds_NC_ITEMDB_GUILD_ACADEMY_REWARD_STORAGE_WITHDRAW_ACK
0x00058370	GameDBSession::gds_NC_ITEMDB_GUILD_ACADEMY_REWARD_STORAGE_DEPOSIT_ACK
0x00058450	GameDBSession::gds_NC_GUILD_ACADEMY_DB_ACADEMY_REWARD_ACK
0x00058530	ShineObjectClass::ShinePlayer::sp_NC_GUILD_ACADEMY_REWARD_STORAGE_CLOSE_CMD
0x00058620	ShineObjectClass::ShinePlayer::sp_NC_GUILD_ACADEMY_REWARD_STORAGE_OPEN_REQ
0x00059170	ShineObjectClass::ShinePlayer::sp_NC_ITEM_GUILD_ACADEMY_REWARD_STORAGE_WITHDRAW_REQ
0x00059500	ShineObjectClass::ShinePlayer::sp_NC_ITEM_GUILD_ACADEMY_REWARD_STORAGE_DEPOSIT_REQ
0x00059a00	PROTO_NC_GUILD_ACADEMY_REWARD_STORAGE_DEPOSIT_RNG::operator=
0x00059ae0	PROTO_NC_GUILD_ACADEMY_REWARDSTORAGE_ITEM_INFO_ZONE_RNG::operator=
0x0005be70	ZoneListenSession::zls_NC_GUILD_ACADEMY_REWARD_STORAGE_WITHDRAW_RNG
0x0005bfa0	ZoneListenSession::zls_NC_GUILD_ACADEMY_REWARD_STORAGE_DEPOSIT_RNG
0x0005c0d0	ZoneListenSession::zls_NC_GUILD_ACADEMY_REWARDSTORAGE_ITEM_INFO_ZONE_RNG
0x0005c1c0	ZoneListenSession::zls_NC_GUILD_ACADEMY_REWARDSTORAGE_REWARD_ZONE_RNG
0x0005c390	ShineObjectClass::ShinePlayer::sp_NC_GUILD_RENAME_REQ
0x0005c6c0	ShineObjectClass::ShinePlayer::sp_NC_GUILD_RETYPE_REQ
0x0005db50	ZoneListenSession::zls_NC_GUILD_STORAGEWITHDRAW_RNG
0x0005e720	GameDBSession::gds_NC_ITEMDB_OPEN_GUILD_STORAGE_ACK
0x0005e770	ShineObjectClass::ShinePlayer::sp_NC_GUILD_TOURNAMENT_FLAGCAPTURE_REQ
0x0005e7c0	ShineObjectClass::ShinePlayer::sp_NC_GUILD_TOURNAMENT_USESKILL
0x0005e8b0	ShineObjectClass::ShinePlayer::sp_NC_GUILD_TOURNAMENT_FLAGCAPTURE_ACK
0x0005e910	ShineObjectClass::ShinePlayer::sp_NC_GUILD_TOURNAMENT_FLAGCAPTURE_CMD
0x0005e9f0	ShineObjectClass::ShinePlayer::sp_NC_GUILD_TOURNAMENT_DICEGAME_THROW_ACK
0x0005edd0	ShineObjectClass::ShinePlayer::sp_NC_ITEMDB_CLOSE_GUILD_STORAGE_CMD
0x0005ee70	ShineObjectClass::ShinePlayer::sp_NC_GUILD_STORAGEOPEN_REQ
0x0005efe0	WorldManagerSession::wms_NC_GUILD_TOURNAMENT_ZONE_MEMBERGRADE_ACK
0x0005f110	WorldManagerSession::wms_NC_CHAR_ZONE_LINK_FROM_CMD
0x0005f200	WorldManagerSession::wms_NC_GUILD_TOURNAMENT_ZONE_JOIN_NEW_REQ
0x0005f500	GameDBSession::gds_NC_GUILD_TOURNAMENT_DB_JOIN_NEW_ACK
0x0005f6e0	WorldManagerSession::wms_NC_GUILD_TOURNAMENT_GOLD_REFUND_ZONE_CMD
0x0005f730	ShineObjectClass::ShinePlayer::sp_NC_GUILD_TOURNAMENT_OBSERVER_ENTER_REQ
0x0005f790	ShineObjectClass::ShinePlayer::sp_NC_GUILD_TOURNAMENT_OBSERVER_OUT_REQ
0x0005f840	ShineObjectClass::ShinePlayer::sp_NC_GUILD_TOURNAMENT_USESKILL_ACK
0x000601f0	WorldManagerSession::wms_NC_GUILD_WORLD_USE_GUILD_TOKEN_CMD
0x000603f0	WorldManagerSession::wms_NC_GUILD_TOURNAMENT_START_CMD
0x00060500	ShineObjectClass::ShinePlayer::sp_NC_GUILD_TOURNAMENT_USESKILL_REQ
0x00060580	ShineObjectClass::ShinePlayer::sp_NC_GUILD_TOURNAMENT_DICEGAME_THROW_REQ
0x00060a10	_ErrorSendPlayer<PROTO_NC_GUILD_TOURNAMENT_RECALL_ENTER_ACK>
0x00060b40	_ErrorSendPlayer<PROTO_NC_GUILD_TOURNAMENT_OBSERVER_ENTER_ACK>
0x00060dc0	ShineObjectClass::ShinePlayer::sp_NC_GUILD_TOURNAMENT_RECALL_ENTER_REQ
0x000615b0	WorldManagerSession::wms_NC_GUILD_TOURNAMENT_ZONE_OBSERVER_ENTER_ACK
0x0006d1f0	WorldManagerSession::wms_NC_HOLY_PROMISE_MY_UP_ZONE
0x0006d2a0	WorldManagerSession::wms_NC_HOLY_PROMISE_MYUPPER_ACK
0x0006d590	ZoneListenSession::zls_NC_HOLY_PROMISE_CENTRANSFER_RNG
0x0006d7c0	ShineObjectClass::ShinePlayer::sp_NC_HOLY_PROMISE_GET_CEN_REWARD_REQ
0x0006d8b0	GameDBSession::gds_NC_HOLY_PROMISE_DB_GET_CEN_REWARD_ACK
0x0006da60	ShineObjectClass::ShinePlayer::sp_NC_HOLY_PROMISE_WITHDRAW_CEN_REWARD_REQ
0x0006dbc0	GameDBSession::gds_NC_HOLY_PROMISE_DB_WITHDRAW_CEN_REWARD_ACK
0x0006dfb0	WorldManagerSession::wms_NC_INSTANCE_DUNGEON_DELETE_DUNGEON_CMD
0x0006e070	WorldManagerSession::wms_NC_INSTANCE_DUNGEON_RESET_COUNTDOWN_CMD
0x0006e150	PROTO_NC_INSTANCE_DUNGEON_FIND_RNG::operator=
0x0006ea60	ZoneListenSession::zls_NC_CHAR_EMPTY_INSTANCE_DUNGEON_RNG
0x0006eb50	ShineObjectClass::ShinePlayer::sp_NC_INSTANCE_DUNGEON_DELETE_DUNGEON_REQ
0x0006fb00	ZoneListenSession::zls_NC_INSTANCE_DUNGEON_FIND_RNG
0x00074c00	GameDBSession::gds_NC_ITEMDB_ITEMBREAKSUC_ACK
0x00074ce0	GameDBSession::gds_NC_ITEMDB_ITEMBREAKFAIL_ACK
0x000780e0	ShineObjectClass::ShinePlayer::sp_NC_ITEM_CHARGEDINVENOPEN_REQ
0x00078260	GameDBSession::gds_NC_ITEMDB_CHARGED_LIST_ACK
0x00078340	ShineObjectClass::ShinePlayer::sp_NC_ITEM_CHARGED_WITHDRAW_REQ
0x000788c0	GameDBSession::gds_NC_ITEMDB_CHARGED_WITHDRAW_ACK
0x0007b830	GameDBSession::gds_NC_ITEMDB_ITEMTOTALINFORM_ACK
0x0007cfe0	ShineObjectClass::ShinePlayer::sp_NC_KQ_ENTRYRESPONCE_ACK
0x0007d1f0	WorldManagerSession::wms_NC_KQ_W2Z_START_CMD
0x0007db00	WorldManagerSession::wms_NC_KQ_W2Z_DESTROY_CMD
0x0007df90	WorldManagerSession::wms_NC_KQ_W2Z_MAKE_REQ
0x00080d10	ShineObjectClass::ShinePlayer::sp_NC_MISC_TIMERECORD_REQ
0x000813e0	PROTO_NC_CHAR_REVIVEOTHER_CMD::operator=
0x00081430	WorldManagerSession::wms_NC_MAP_LINKRESERVE_ACK
0x00085ef0	ShineObjectClass::ShinePlayer::sp_NC_MAP_TOWNPORTAL_REQ
0x00089040	GameDBSession::gds_NC_ITEMDB_REINFORCEUNEQUIPSUC_ACK
0x000891a0	GameDBSession::gds_NC_ITEMDB_REINFORCEUNEQUIPFAIL_ACK
0x000898b0	ShineObjectClass::ShinePlayer::sp_NC_CHAR_DEPOLYMORPH_CMD
0x000927e0	PROTO_NC_BRIEFINFO_LOGINCHARACTER_CMD::operator=
0x000a46a0	ShineObjectClass::ShinePlayer::sp_NC_ACT_NPCCLICK_CMD
0x000a4ae0	ShineObjectClass::ShinePlayer::sp_NC_ACT_NPCMENUOPEN_ACK
0x000a4c10	ShineObjectClass::ShinePlayer::sp_NC_ACT_ENDOFTRADE_CMD
0x000a7570	OPToolSession::opts_NC_MISC_S2SCONNECTION_REQ
0x000a7670	OPToolSession::opts_NC_MISC_S2SCONNECTION_ACK
0x000a76c0	OPToolSession::opts_NC_MISC_HEARTBEAT_REQ
0x000a7790	OPToolSession::opts_NC_OPTOOL_CONNECT_BRIF_REQ
0x000aac00	WorldManagerSession::wms_NC_PARTY_ZONE_SET_LOOTER_CMD
0x000aac50	WorldManagerSession::wms_NC_PARTY_DISMISS_CMD
0x000aad30	WorldManagerSession::wms_NC_PARTY_CHANGEMASTER_CMD
0x000aade0	WorldManagerSession::wms_NC_PARTY_LOGIN_CMD
0x000aae30	WorldManagerSession::wms_NC_PARTY_LOGOUT_CMD
0x000aae80	WorldManagerSession::wms_NC_PARTY_ITEM_LOOTING_ZONE_CMD
0x000ac5d0	WorldManagerSession::wms_NC_PARTY_MEMBERINFORM_ACK
0x000ac6e0	WorldManagerSession::wms_NC_PARTY_FUNDAMENTAL_CMD
0x000ac870	WorldManagerSession::wms_NC_PARTY_JOIN_CMD
0x000ac990	ShineObjectClass::ShinePlayer::sp_NC_PARTY_MEMBERINFOREQ_CMD
0x000aca70	WorldManagerSession::wms_NC_PARTY_LEAVE_CMD
0x000acb90	WorldManagerSession::wms_NC_PARTY_KICKOFF_CMD
0x000d7360	ShineObjectClass::ShinePlayer::sp_NC_ITEM_REWARDINVENOPEN_REQ
0x000d74f0	GameDBSession::gds_NC_CHAR_GET_ITEMLIST_BY_TYPE_NUM_ACK
0x000e5360	ShineObjectClass::ShinePlayer::sp_NC_SCENARIO_AREAENTRY_ACK
0x000e54c0	ShineObjectClass::ShinePlayer::sp_NC_SCENARIO_AREALEAVE_ACK
0x000e74c0	ShineObjectClass::ShinePlayer::sp_NC_MENU_SERVERMENU_ACK
0x000ec740	ShineObjectClass::ShinePlayer::sp_NC_DICE_TAISAI_GAME_JOIN_REQ
0x000ec990	ShineObjectClass::ShinePlayer::sp_NC_DICE_TAISAI_GAME_LEAVE_REQ
0x000ecbd0	ShineObjectClass::ShinePlayer::sp_NC_DICE_TAISAI_EXPECT_INCOME_MONEY_REQ
0x000ece30	ShineObjectClass::ShinePlayer::sp_NC_DICE_TAISAI_RECEIPT_INCOME_MONEY_REQ
0x000ed0c0	ShineObjectClass::ShinePlayer::sp_NC_DICE_TAISAI_GAME_MODE_CHANGE_REQ
0x000ed2b0	ShineObjectClass::ShinePlayer::sp_NC_DICE_TAISAI_RANK_REQ
0x000ed440	ShineObjectClass::ShinePlayer::sp_NC_DICE_TAISAI_BETTING_REQ
0x000ed6e0	ShineObjectClass::ShinePlayer::sp_NC_DICE_TAISAI_BETTING_CANCEL_REQ
0x000ed980	ShineObjectClass::ShinePlayer::sp_NC_DICE_TAISAI_LARGE_AMOUNT_REQ
0x000ee890	GameDBSession::gds_NC_DICE_TAISAI_DB_DICE_ROLL_RESULT_ACK
0x000ee9f0	GameDBSession::gds_NC_DICE_TAISAI_DB_EXPECT_INCOME_MONEY_ACK
0x000eead0	GameDBSession::gds_NC_DICE_TAISAI_DB_RECEIPT_INCOME_MONEY_ACK
0x000eebb0	GameDBSession::gds_NC_DICE_TAISAI_DB_RANK_ACK
0x000eecd0	GameDBSession::gds_NC_DICE_TAISAI_DB_ITEM_ID_CHANGE_ACK
0x000ef1e0	ShineObjectClass::ShineObject::so_NC_ITEMDB_fail
0x000ef230	ShineObjectClass::ShinePlayer::sp_NC_ITEM_DICE_GAME_START_REQ
0x000ef2f0	ShineObjectClass::ShinePlayer::so_NC_ITEMDB_fail
0x000efa10	GameDBSession::gds_NC_CHARGED_STAT_INITIALIZE_DB_SUC_ACK
0x000efb30	GameDBSession::gds_NC_CHARGED_SKILLEMPOW_INITIALIZE_DB_SUC_ACK
0x000efc50	GameDBSession::gds_NC_CHARGED_STAT_INITIALIZE_DB_FAIL_ACK
0x000efd50	GameDBSession::gds_NC_CHARGED_SKILLEMPOW_INITIALIZE_DB_FAIL_ACK
0x000f0190	GameDBSession::gds_NC_CHAR_GET_ITEMLIST_BY_TYPE_ACK
0x000f0790	ShineObjectClass::ShinePlayer::sp_NC_ITEM_WEAPONENDURE_CHARGE_REQ
0x000f0dd0	GameDBSession::gds_NC_ITEMDB_ENCHANT_SET_GEM_LOT_ACK
0x000f0e20	GameDBSession::gds_NC_ITEMDB_MYSTERY_VAULT_MAKEITEM_ACK
0x000f0f40	GameDBSession::gds_NC_ITEMDB_WEAPONENDURE_CHARGE_ACK
0x000f18a0	ShineObjectClass::ShinePlayer::sp_NC_USER_CONNECTION_CHANGE_CHAR_ID_ITEM_USE_REQ
0x000f1eb0	GameDBSession::gds_NC_USER_CONNECTION_DB_CHANGE_CHAR_ID_ITEM_USE_ACK
0x000f2130	ShineObjectClass::ShinePlayer::sp_NC_ITEM_EQUIP_BELONGED_CANCEL_USE_REQ
0x000f2770	GameDBSession::gds_NC_ITEMDB_EQUIP_BELONGED_CANCEL_USE_ACK
0x000f2dc0	_ErrorSendPlayer<PROTO_NC_ITEM_ENCHANT_ADD_GEM_ACK>
0x000f2ef0	_ErrorSendPlayer<PROTO_NC_ITEM_ENCHANT_REMOVE_GEM_ACK>
0x000f3020	_ErrorSendPlayer<PROTO_NC_ITEM_ENCHANT_ADD_NEW_SOCKET_ACK>
0x000f3150	ShineObjectClass::ShinePlayer::sp_NC_ITEM_ENCHANT_ADD_GEM_REQ
0x000f3550	ShineObjectClass::ShinePlayer::sp_NC_ITEM_ENCHANT_REMOVE_GEM_REQ
0x000f3850	ShineObjectClass::ShinePlayer::sp_NC_ITEM_ENCHANT_ADD_NEW_SOCKET_REQ
0x000f3b30	GameDBSession::gds_NC_ITEMDB_ENCHANT_ADD_GEM_ACK
0x000f3e20	GameDBSession::gds_NC_ITEMDB_ENCHANT_REMOVE_GEM_ACK
0x000f4130	GameDBSession::gds_NC_ITEMDB_ENCHANT_ADD_NEW_SOCKET_ACK
0x000f50b0	ShineObjectClass::ShinePlayer::sp_NC_ITEM_BUY_REQ
0x000f5740	GameDBSession::gds_NC_ITEMDB_BUYALLSUC_ACK
0x000f5870	GameDBSession::gds_NC_ITEMDB_BUYLOTSUC_ACK
0x000f59a0	GameDBSession::gds_NC_ITEMDB_GUILD_TOKEN_BUYALLSUC_ACK
0x000f5b20	GameDBSession::gds_NC_ITEMDB_GUILD_TOKEN_BUYLOTSUC_ACK
0x000f5ca0	GameDBSession::gds_NC_ITEMDB_BUYFAIL_ACK
0x000f5d90	GameDBSession::gds_NC_ITEMDB_BUYCAPSULE_ACK
0x000f62a0	ShineObjectClass::ShineObject::so_NC_ITEMDB_ADMINCREATEFAIL_ACK
0x000f6530	ShineObjectClass::ShinePlayer::so_NC_ITEMDB_ADMINCREATEFAIL_ACK
0x000f65e0	GameDBSession::gds_NC_ITEMDB_ADMINCREATESUC_ACK
0x000f66f0	GameDBSession::gds_NC_ITEMDB_ADMINCREATEFAIL_ACK
0x000f6ec0	GameDBSession::gds_NC_ITEMDB_DESTROY_ACK
0x000f6ff0	GameDBSession::gds_NC_ITEMDB_QUESTREWARD_ACK
0x000f7f10	ShineObjectClass::ShinePlayer::sp_NC_ITEM_DISMANTLE_REQ
0x000f8450	GameDBSession::gds_NC_ITEMDB_DISMANTLE_ACK
0x000f8a70	ShineObjectClass::ShinePlayer::sp_NC_ITEM_DROP_REQ
0x000f9590	GameDBSession::gds_NC_ITEMDB_DROPALLSUC_ACK
0x000f97a0	GameDBSession::gds_NC_ITEMDB_DROPALLLOT_ACK
0x000f9880	GameDBSession::gds_NC_ITEMDB_DROPALLFAIL_ACK
0x000f9970	GameDBSession::gds_NC_ITEMDB_DROPLOTFAIL_ACK
0x000f9d90	ShineObjectClass::ShinePlayer::sp_NC_ITEM_EQUIP_REQ
0x000fa7a0	ShineObjectClass::ShinePlayer::sp_NC_ITEM_RINGEQUIP_REQ
0x000fadc0	GameDBSession::gds_NC_ITEMDB_EQUIPSUC_ACK
0x000faf60	GameDBSession::gds_NC_ITEMDB_EQUIPFAIL_ACK
0x000fb820	GameDBSession::gds_NC_ITEMDB_CREATEITEMLISTSUC_ACK
0x000fb940	GameDBSession::gds_NC_ITEMDB_CREATEITEMLISTFAIL_ACK
0x000fba20	GameDBSession::gds_NC_KQ_REWARDSUC_ACK
0x000fbb30	GameDBSession::gds_NC_KQ_REWARDFAIL_ACK
0x000fd5a0	GameDBSession::gds_NC_ITEMDB_PICKALLSUC_ACK
0x000fd690	GameDBSession::gds_NC_ITEMDB_PICKALLFAIL_ACK
0x000fd780	GameDBSession::gds_NC_ITEMDB_PICKMERGESUC_ACK
0x000fd870	GameDBSession::gds_NC_ITEMDB_PICKMERGEFAIL_ACK
0x000fd960	GameDBSession::gds_NC_ITEMDB_PICKMONEYSUC_ACK
0x000fda50	GameDBSession::gds_NC_ITEMDB_PICKMONEYFAIL_ACK
0x000fdb40	GameDBSession::gds_NC_ITEMDB_INC_DEC_MONEYSUC_ACK
0x000fdc20	GameDBSession::gds_NC_ITEMDB_INC_DEC_MONEYFAIL_ACK
0x000fde80	ShineObjectClass::ShinePlayer::sp_NC_ITEM_PICK_REQ
0x00100180	GameDBSession::gds_NC_ITEMDB_RELOCSUC_ACK
0x001002e0	GameDBSession::gds_NC_ITEMDB_RELOCFAIL_ACK
0x00100400	GameDBSession::gds_NC_ITEMDB_EXCHANGESUC_ACK
0x00100560	GameDBSession::gds_NC_ITEMDB_EXCHANGEFAIL_ACK
0x00100680	GameDBSession::gds_NC_ITEMDB_MERGESUC_ACK
0x00100860	GameDBSession::gds_NC_ITEMDB_MERGEFAIL_ACK
0x00100980	GameDBSession::gds_NC_ITEMDB_SPLIT_N_MERGESUC_ACK
0x00100ba0	GameDBSession::gds_NC_ITEMDB_SPLIT_N_MERGEFAIL_ACK
0x00100ca0	ShineObjectClass::ShinePlayer::sp_NC_ITEM_DEPOSIT_REQ
0x00100ed0	GameDBSession::gds_NC_ITEMDB_DEPOSIT_ACK
0x00101120	ShineObjectClass::ShinePlayer::sp_NC_ITEM_WITHDRAW_REQ
0x00101370	GameDBSession::gds_NC_ITEMDB_WITHDRAW_ACK
0x001015c0	GameDBSession::gds_NC_ITEMDB_GUILD_STORAGE_WITHDRAW_ACK
0x00102fc0	ShineObjectClass::ShinePlayer::sp_NC_MINIHOUSE_ACTIV_REQ
0x00103310	ShineObjectClass::ShinePlayer::sp_NC_ITEM_OPENSTORAGEPAGE_REQ
0x00103430	ShineObjectClass::ShinePlayer::sp_NC_ITEM_RELOC_REQ
0x00104090	ShineObjectClass::ShinePlayer::sp_NC_ITEM_GUILD_STORAGE_WITHDRAW_REQ
0x00104c30	ShineObjectClass::ShinePlayer::sp_NC_ITEM_SELL_REQ
0x00105020	GameDBSession::gds_NC_ITEMDB_SELLALLSUC_ACK
0x00105140	GameDBSession::gds_NC_ITEMDB_SELLLOTSUC_ACK
0x00105260	GameDBSession::gds_NC_ITEMDB_SELLFAIL_ACK
0x00105360	GameDBSession::gds_NC_ITEMDB_SPLITSUC_ACK
0x00105530	GameDBSession::gds_NC_ITEMDB_SPLITFAIL_ACK
0x00105630	ShineObjectClass::ShinePlayer::sp_NC_ITEM_SPLIT_REQ
0x00106500	ShineObjectClass::ShinePlayer::sp_NC_ITEM_UNEQUIP_REQ
0x00106990	GameDBSession::gds_NC_ITEMDB_UNEQUIPFAIL_ACK
0x00106aa0	GameDBSession::gds_NC_ITEMDB_UNEQUIPSUC_ACK
0x00107610	GameDBSession::gds_NC_ITEMDB_UPGRADE_ACK
0x00107f90	ShineObjectClass::ShinePlayer::sp_NC_ITEM_UPGRADE_REQ
0x001092f0	ShineObjectClass::ShineObject::so_NC_ITEMDB_USE_ACK
0x00109440	ShineObjectClass::ShinePlayer::sp_NC_ITEM_USEABORT_CMD
0x00109520	GameDBSession::gds_NC_ITEMDB_USE_ACK
0x00109630	ShineObjectClass::ShinePlayer::so_NC_ITEMDB_USE_ACK
0x00109dc0	ShineObjectClass::ShinePlayer::sp_NC_ACT_ROAR_REQ
0x0010a450	ShineObjectClass::ShinePlayer::sp_NC_ITEM_USE_REQ
0x001127d0	PROTO_NC_MISC_PINGTEST_TOOL_WM_CLIENT_ZONE_DB::operator=
0x00113200	PROTO_NC_CHAR_WEDDINGDATA_ACK::PROTO_NC_CHAR_WEDDINGDATA_ACK
0x00115170	PROTO_NC_BRIEFINFO_BUILDDOOR_CMD::operator=
0x00115370	PROTO_NC_BRIEFINFO_MINIHOUSEBUILD_CMD::operator=
0x00116d40	ShineObjectClass::ShinePlayer::sp_NC_MISC_PINGTEST_CLIENT_ZONE_DB
0x00116f30	ShineObjectClass::ShinePlayer::sp_NC_MISC_PINGTEST_TOOL_WM_CLIENT_ZONE_DB
0x00117110	WorldManagerSession::wms_NC_MISC_PINGTEST_TOOL_WM_ZONE
0x00117210	WorldManagerSession::wms_NC_MISC_PINGTEST_TOOL_WM_ZONE_DB
0x00117310	GameDBSession::gds_NC_MISC_PINGTEST_CLIENT_ZONE_DB
0x00117460	GameDBSession::gds_NC_MISC_PINGTEST_TOOL_WM_CLIENT_ZONE_DB
0x00117570	GameDBSession::gds_NC_MISC_PINGTEST_TOOL_WM_ZONE_DB
0x00117670	GameDBSession::gds_NC_CHARSAVE_DB_UI_STATE_SAVE_ACK
0x00117770	ShineObjectClass::ShinePlayer::sp_NC_CHAR_LOGOUTCANCEL_CMD
0x001178e0	WorldManagerSession::wms_NC_MISC_WHSHANDLEREPAIR_CMD
0x001179b0	ShineObjectClass::ShinePlayer::so_ply_NC_MISC_WHSHANDLEREPAIR_CMD
0x00117a20	ShineObjectClass::ShinePlayer::sp_NC_MISC_SERVERPARAMETER_REQ
0x00117ca0	GameDBSession::gds_NC_CHAR_REGNUM_VARIFICATION_ACK
0x001180c0	ShineObjectClass::ShinePlayer::sp_NC_USER_USE_BEAUTY_SHOP_CMD
0x00118280	ShineObjectClass::ShinePlayer::sp_NC_MAP_TONORMALCOORD_CMD
0x0011ef20	_ErrorSendPlayer<PROTO_NC_MAP_MULTY_LINK_SELECT_ACK>
0x0011f570	ShineObjectClass::ShinePlayer::sp_NC_CHAR_LOGOUTREADY_CMD
0x0011f6d0	ShineObjectClass::ShinePlayer::sp_NC_USER_NORMALLOGOUT_CMD
0x0011f820	ShineObjectClass::ShinePlayer::sp_NC_MAP_MULTY_LINK_SELECT_REQ
0x00123130	ShineObjectClass::ShinePlayer::sp_NC_CHAR_SAVE_LINK_REQ
0x00123140	ShineObjectClass::ShinePlayer::sp_NC_CHAR_CLIENT_FREESTAT_APPLICATION_REQ
0x00123ad0	ShineObjectClass::ShinePlayer::sp_NC_ACT_AUTO_WAY_FINDING_USE_GATE_REQ
0x00124740	ShineObjectClass::ShinePlayer::sp_NC_CHARSAVE_UI_STATE_SAVE_REQ
0x001251e0	_ErrorSendPlayer<PROTO_NC_CHAR_CLIENT_AUTO_PICK_ACK>
0x00125310	_ErrorSendPlayer<PROTO_NC_ACT_RIDE_OFF_ACK>
0x001255d0	ShineObjectClass::ShinePlayer::sp_NC_ACT_RIDE_OFF_REQ
0x00125690	ShineObjectClass::ShinePlayer::sp_NC_CHAR_CLIENT_AUTO_PICK_REQ
0x0012d4a0	GameDBSession::gds_NC_MINIHOUSE_DB_PORTAL_LIST_ACK
0x0012d540	GameDBSession::gds_NC_MINIHOUSE_DB_PORTAL_ADD_ACK
0x0012d5e0	GameDBSession::gds_NC_MINIHOUSE_DB_PORTAL_DEL_ACK
0x0012d660	GameDBSession::gds_NC_MINIHOUSE_DB_VISITER_COUNT_ACK
0x0012d6e0	GameDBSession::gds_NC_ITEMDB_MINIHOUSE_EFFECT_DEMANDGOOD_ACK
0x0012e5e0	GameDBSession::gds_NC_ITEMDB_FURNITURE_ENDURE_ACK
0x0012eaf0	ShineObjectClass::ShinePlayer::sp_NC_ITEM_MH_FURNITURE_ENDURE_KIT_USE_REQ
0x0012f320	ShineObjectClass::ShinePlayer::sp_NC_MINIHOUSE_VISITREADY_REQ
0x0012f670	ShineObjectClass::ShinePlayer::sp_NC_MINIHOUSE_VISIT_REQ
0x0012f9b0	ShineObjectClass::ShinePlayer::sp_NC_MINIHOUSE_LOGINCOMPLETE_REQ
0x00130070	ShineObjectClass::ShinePlayer::sp_NC_MINIHOUSE_FUNITUREINFOCOMPLETE_REQ
0x00130320	ShineObjectClass::ShinePlayer::sp_NC_MINIHOUSE_EXIT_REQ
0x00130670	ShineObjectClass::ShinePlayer::sp_NC_MINIHOUSE_CREATE_FURNITURE_REQ
0x001307f0	ShineObjectClass::ShinePlayer::sp_NC_MINIHOUSE_REARRANGE_REQ
0x00130960	ShineObjectClass::ShinePlayer::sp_NC_MINIHOUSE_DELETE_FURNITURE_REQ
0x00130ae0	ShineObjectClass::ShinePlayer::sp_NC_MINIHOUSE_MODIFY_TITLE_REQ
0x00130d30	ShineObjectClass::ShinePlayer::sp_NC_MINIHOUSE_MODIFY_PASSWORD_REQ
0x00130f30	ShineObjectClass::ShinePlayer::sp_NC_MINIHOUSE_MODIFY_MAXENTERNUM_REQ
0x00131160	ShineObjectClass::ShinePlayer::sp_NC_MINIHOUSE_MODIFY_ITEM_INFO_OPEN_REQ
0x00131390	ShineObjectClass::ShinePlayer::sp_NC_MINIHOUSE_MODIFY_NOTIFY_REQ
0x001315e0	ShineObjectClass::ShinePlayer::sp_NC_MINIHOUSE_PORTAL_OPEN_REQ
0x00131840	ShineObjectClass::ShinePlayer::sp_NC_MINIHOUSE_PORTAL_CLOSE_REQ
0x00131a70	ShineObjectClass::ShinePlayer::sp_NC_MINIHOUSE_PORTAL_EFFECT_REQ
0x00132450	ShineObjectClass::ShinePlayer::sp_NC_MINIHOUSE_CHAR_ACTION_REQ
0x001327f0	ShineObjectClass::ShinePlayer::sp_NC_MINIHOUSE_FURNITURE_EFFECT_REQ
0x00133290	ShineObjectClass::ShinePlayer::sp_NC_MINIHOUSE_KICKOUT_REQ
0x00133640	ShineObjectClass::ShinePlayer::sp_NC_MINIHOUSE_FURNITURE_EMOTION_REQ
0x001338a0	ShineObjectClass::ShinePlayer::sp_NC_MINIHOUSE_FURNITURE_EMOTION_CANCEL_REQ
0x001341d0	ShineObjectClass::ShinePlayer::sp_NC_MINIHOUSE_BUILDING_REQ
0x00135530	ShineObjectClass::ShinePlayer::sp_NC_QUEST_SCRIPT_CMD_ACK
0x001355f0	GameDBSession::gds_NC_QUEST_DB_SET_INFO_ACK
0x001356e0	GameDBSession::gds_NC_QUEST_DB_CLEAR_ACK
0x001357d0	GameDBSession::gds_NC_QUEST_DB_GIVE_UP_ACK
0x001358c0	GameDBSession::gds_NC_QUEST_DB_READ_ACK
0x001359b0	GameDBSession::gds_NC_QUEST_DB_DONE_ACK
0x00135aa0	ShineObjectClass::ShinePlayer::sp_NC_QUEST_GIVE_UP_REQ
0x00135b70	ShineObjectClass::ShinePlayer::sp_NC_QUEST_CLIENT_SCENARIO_DONE_REQ
0x00135c20	ShineObjectClass::ShinePlayer::sp_NC_QUEST_SELECT_START_REQ
0x00135cd0	ShineObjectClass::ShinePlayer::sp_NC_QUEST_REWARD_SELECT_ITEM_INDEX_CMD
0x00135d80	_ErrorSendPlayer<PROTO_NC_QUEST_START_ACK>
0x00135eb0	_ErrorSendPlayer<PROTO_NC_QUEST_READ_ACK>
0x00135fe0	ShineObjectClass::ShinePlayer::sp_NC_QUEST_START_REQ
0x001360d0	ShineObjectClass::ShinePlayer::sp_NC_QUEST_READ_REQ
0x00136830	ShineObjectClass::ShinePlayer::sp_NC_BAT_SKILLCASTABORT_CMD
0x00136ad0	ShineObjectClass::ShinePlayer::sp_NC_BAT_SKILLBASH_CASTABORT_CMD
0x00137810	ShineObjectClass::ShinePlayer::sp_NC_SKILL_UNLEARN_REQ
0x00137df0	GameDBSession::gds_NC_SKILL_ERASE_ACK
0x00138e20	ShineObjectClass::ShinePlayer::sp_NC_BAT_SKILLBASH_CASTABORT_REQ
0x00139ed0	std::vector<PROTO_NC_BAT_SKILLBASH_HIT_DAMAGE_CMD::SkillDamage,std::allocator<PROTO_NC_BAT_SKILLBASH_HIT_DAMAGE_CMD::SkillDamage> >::insert
0x0013a300	std::vector<PROTO_NC_BAT_SKILLBASH_HIT_DAMAGE_CMD::SkillDamage,std::allocator<PROTO_NC_BAT_SKILLBASH_HIT_DAMAGE_CMD::SkillDamage> >::push_back
0x0013a390	ShineObjectClass::ShinePlayer::sp_NC_BAT_SKILLCAST_REQ
0x0013a430	ShineObjectClass::ShinePlayer::sp_NC_BAT_SKILLBASH_FLD_CAST_REQ
0x0013ab10	ShineObjectClass::ShinePlayer::sp_NC_BAT_SKILLBASH_OBJ_CAST_REQ
0x00140e20	GameDBSession::gds_NC_ITEMDB_SOULSTONEBUYSUC_ACK
0x00140f50	GameDBSession::gds_NC_ITEMDB_SOULSTONEBUYFAIL_ACK
0x00141590	ShineObjectClass::ShinePlayer::sp_NC_LOG_MAP_NOBASE_CMD
0x00141690	ShineObjectClass::ShinePlayer::sp_NC_SOULSTONE_HP_BUY_REQ
0x00141810	ShineObjectClass::ShinePlayer::sp_NC_SOULSTONE_SP_BUY_REQ
0x00141990	ShineObjectClass::ShinePlayer::sp_NC_SOULSTONE_HP_USE_REQ
0x00141bf0	ShineObjectClass::ShinePlayer::sp_NC_SOULSTONE_SP_USE_REQ
0x00142400	ShineObjectClass::ShinePlayer::sp_NC_MAP_WING_SAVE_REQ
0x00142660	ShineObjectClass::ShinePlayer::sp_NC_MAP_WING_FLY_REQ
0x001433d0	ShineObjectClass::ShinePlayer::sp_NC_CHAR_STAT_INCPOINT_REQ
0x001436a0	GameDBSession::gds_NC_CHAR_STAT_INCPOINTSUC_DB_ACK
0x00143940	GameDBSession::gds_NC_CHAR_STAT_INCPOINTFAIL_DB_ACK
0x00143a20	ShineObjectClass::ShinePlayer::sp_NC_CHAR_STAT_DECPOINT_REQ
0x00143c40	GameDBSession::gds_NC_CHAR_STAT_DECPOINTSUC_DB_ACK
0x00143f00	GameDBSession::gds_NC_CHAR_STAT_DECPOINTFAIL_DB_ACK
0x00144110	GameDBSession::gds_NC_CHAR_FREESTAT_SET_DB_ACK
0x00144900	ShineObjectClass::ShinePlayer::sp_NC_BOOTH_CLOSE_REQ
0x001449f0	ShineObjectClass::ShinePlayer::sp_NC_BOOTH_REFRESH_REQ
0x00144bd0	ShineObjectClass::ShinePlayer::sp_NC_BOOTH_ENTRY_REQ
0x00145010	ShineObjectClass::ShinePlayer::sp_NC_BOOTH_ITEMTRADE_REQ
0x00145c40	ShineObjectClass::ShinePlayer::sp_NC_BOOTH_INTERIORSTART_REQ
0x00145e00	ShineObjectClass::ShinePlayer::sp_NC_BOOTH_OPEN_REQ
0x001485e0	GameDBSession::gds_NC_ITEMDB_BOOTHTRADE_ACK
0x00149550	ShineObjectClass::ShinePlayer::sp_NC_TRADE_PROPOSE_REQ
0x00149a10	ShineObjectClass::ShinePlayer::sp_NC_TRADE_PROPOSE_CANCEL_CMD
0x00149b60	ShineObjectClass::ShinePlayer::sp_NC_TRADE_PROPOSE_ASKNO_ACK
0x00149cb0	ShineObjectClass::ShinePlayer::sp_NC_TRADE_PROPOSEYES_ACK
0x00149ef0	ShineObjectClass::ShinePlayer::sp_NC_TRADE_CANCEL_REQ
0x0014a4f0	ShineObjectClass::ShinePlayer::sp_NC_TRADE_CENBOARDING_REQ
0x0014a790	ShineObjectClass::ShinePlayer::sp_NC_TRADE_BOARDLOCK_REQ
0x0014abf0	GameDBSession::gds_NC_ITEMDB_ITEMTRADEFAIL_ACK
0x0014ace0	GameDBSession::gds_NC_ITEMDB_ITEMTRADESUC_ACK
0x0014b620	ShineObjectClass::ShinePlayer::sp_NC_TRADE_DECIDE_REQ
0x0014bbf0	ShineObjectClass::ShinePlayer::sp_NC_TRADE_DOWNBOARD_REQ
0x0014bf70	ShineObjectClass::ShinePlayer::sp_NC_TRADE_UPBOARD_REQ
0x0014da50	GameDBSession::gds_NC_ITEMDB_GETFROMCHESTSUC_ACK
0x0014db70	GameDBSession::gds_NC_ITEMDB_GETFROMCHESTFAIL_ACK
0x0014f190	GameDBSession::gds_NC_ITEMDB_ITEMCHANGE_ACK
0x0014ff80	GameDBSession::gds_NC_ITEMDB_CHESTITEM_ACK
0x00151e50	GameDBSession::gds_NC_ITEMDB_CAPSULEITEM_ACK
0x00152290	GameDBSession::gds_NC_ITEMDB_GETFROMCAPSULE_ACK
0x00153c70	GameDBSession::gds_NC_WT_LICENSE_CLR_ACK
0x00153e00	GameDBSession::gds_NC_WT_LICENSE_SET_ACK
0x00153fa0	GameDBSession::gds_NC_WT_MOB_KILLCOUNT_SET_ACK
0x00153ff0	GameDBSession::gds_NC_WT_TITLE_SET_ACK
0x001546d0	ShineObjectClass::ShinePlayer::sp_NC_WT_LICENSE_REQ
0x00155230	PROTO_NC_CHAR_WEDDING_PARTNER_SUMMON_RNG::operator=
0x001555b0	PROTO_NC_CHAR_WEDDINGDATA_ACK::operator=
0x00155a90	ShineObjectClass::ShinePlayer::sp_NC_ACT_WEDDING_PROPOSEREQ_REQ
0x00155c80	ShineObjectClass::ShinePlayer::sp_NC_ACT_WEDDING_PROPOSEACK_ACK
0x00155ed0	ShineObjectClass::ShinePlayer::sp_NC_ACT_WEDDING_HALL_GUEST_ENTER_READY_REQ
0x00156030	ShineObjectClass::ShinePlayer::sp_NC_ACT_WEDDING_HALL_GUEST_ENTER_REQ
0x00156230	ShineObjectClass::ShinePlayer::sp_NC_ACT_WEDDING_AGREEMENT_DIVORCE_REQ
0x00156470	ShineObjectClass::ShinePlayer::sp_NC_ACT_WEDDING_COMPULSORY_DIVORCE_REQ
0x00156740	ShineObjectClass::ShinePlayer::sp_NC_ACT_WEDDING_DIVORCE_REFUSE_CMD
0x00156860	ShineObjectClass::ShinePlayer::sp_NC_CHAR_WEDDING_PARTNER_INFO_REQ
0x00156ac0	WorldManagerSession::wms_NC_CHAR_WEDDING_CANCEL_WEDDING
0x00156d50	ZoneListenSession::zls_NC_CHAR_WEDDING_PARTNER_INFO_RNG
0x00156f90	ZoneListenSession::zls_NC_CHAR_WEDDING_PARTNER_SUMMON_RNG
0x00157110	ZoneListenSession::zls_NC_CHAR_WEDDING_REFRESH_INFO_RNG
0x00157220	GameDBSession::gds_NC_CHAR_WEDDINGDATA_ACK
0x00157300	GameDBSession::gds_NC_CHAR_WEDDING_PROPOSE_ACK
0x001574a0	GameDBSession::gds_NC_CHAR_WEDDING_PROPOSE_CANCEL_ACK
0x001575d0	GameDBSession::gds_NC_CHAR_WEDDING_DIVORCE_BY_AGREE_ACK
0x00157720	GameDBSession::gds_NC_CHAR_WEDDING_DIVORCE_BY_FORCE_ACK
0x00157870	GameDBSession::gds_NC_CHAR_WEDDING_DIVORCE_DO_ACK
0x001579a0	GameDBSession::gds_NC_CHAR_WEDDING_DIVORCE_CANCEL_ACK
0x00157b00	GameDBSession::gds_NC_CHAR_WEDDING_DO_ACK
0x00157d00	GameDBSession::gds_NC_CHAR_WEDDING_ESCAPE_DIVORCE_ACK
0x00157e10	GameDBSession::gds_NC_CHAR_WEDDING_PARTNER_INFO_ACK
0x00158560	ShineObjectClass::ShinePlayer::sp_NC_ACT_WEDDING_HALL_RESERV_REQ
0x00158dc0	ZoneListenSession::zls_NC_ACT_WEDDING_COUPLE_ENTRANCE_RNG
0x00159380	ShineObjectClass::ShinePlayer::so_fill_PROTO_NC_CHAR_MAPLOGIN_ACK
0x00159440	WorldManagerSession::wms_NC_MISC_S2SCONNECTION_RDY
0x00159550	WorldManagerSession::wms_NC_MISC_S2SCONNECTION_ACK
0x00159580	WorldManagerSession::wms_NC_MISC_HEARTBEAT_REQ
0x00159650	WorldManagerSession::wms_NC_CHAR_ZONE_CHARDATAFAIL_ACK
0x00159780	WorldManagerSession::wms_NC_CHAR_ZONE_CHARDATA_ACK
0x00159aa0	WorldManagerSession::wms_NC_CHAR_ZONE_CHARTITLE_CMD
0x00159d90	WorldManagerSession::wms_NC_CT_CHARTTING_CMD
0x00159e60	WorldManagerSession::wms_NC_CT_ADD_FRIEND_CMD
0x00159f30	WorldManagerSession::wms_NC_GUILD_ZONE_WAR_START_CMD
0x00159fe0	WorldManagerSession::wms_NC_GUILD_ZONE_WAR_END_CMD
0x0015a090	WorldManagerSession::wms_NC_GUILD_ZONE_LIST_ACK
0x0015a130	WorldManagerSession::wms_NC_GUILD_ZONE_MAKE_CMD
0x0015a1d0	WorldManagerSession::wms_NC_GUILD_ZONE_DELETE_CMD
0x0015a270	WorldManagerSession::wms_NC_GUILD_ZONE_MEMBER_JOIN_CMD
0x0015a370	WorldManagerSession::wms_NC_GUILD_ZONE_MEMBER_LEAVE_CMD
0x0015a480	WorldManagerSession::wms_NC_ZONE_PRISON_GO_REQ
0x0015a6b0	WorldManagerSession::wms_NC_GUILD_GUILDWARSTATUS_ACK
0x0015a790	WorldManagerSession::wms_NC_MISC_START_THE_BOOM_CMD
0x0015a970	WorldManagerSession::wms_NC_GUILD_STORAGE_WITHDRAW_GRADE_ACK
0x0015aa70	WorldManagerSession::wms_NC_GUILD_ACADEMY_REWARD_STORAGE_WITHDRAW_GRADE_ACK
0x0015ab70	WorldManagerSession::wms_NC_GUILD_WORLD_RENAME_ACK
0x0015ac80	WorldManagerSession::wms_NC_GUILD_WORLD_RETYPE_ACK
0x0015adb0	WorldManagerSession::wms_NC_RAID_ZONE_DISMISS_CMD
0x0015ae80	WorldManagerSession::wms_NC_RAID_ZONE_LOOTING_TYPE_CMD
0x0015af50	WorldManagerSession::wms_NC_RAID_ZONE_MEMBER_JOIN_CMD
0x0015b020	WorldManagerSession::wms_NC_RAID_ZONE_LEAVE_CMD
0x0015b0e0	WorldManagerSession::wms_NC_RAID_ZONE_VANISH_CMD
0x0015b1b0	WorldManagerSession::wms_NC_RAID_ZONE_SLOT_MOVE_CMD
0x0015b440	WorldManagerSession::wms_NC_RAID_ZONE_SET_LEADER_CMD
0x0015b510	WorldManagerSession::wms_NC_RAID_ZONE_SET_SUB_LEADER_CMD
0x0015b5e0	WorldManagerSession::wms_NC_RAID_ZONE_DEL_SUB_LEADER_CMD
0x0015b6b0	WorldManagerSession::wms_NC_RAID_ZONE_SET_LOOTER_CMD
0x0015b780	WorldManagerSession::wms_NC_MISC_SPAMMER_ZONE_CHAT_BAN_CMD
0x0015b850	WorldManagerSession::wms_NC_MISC_EVENTNPC_STANDSTART_ZONE_CMD
0x0015b9b0	WorldManagerSession::wms_NC_MISC_EVENTNPC_STANDEND_ZONE_CMD
0x0015bb10	WorldManagerSession::wms_NC_USER_KICKOFFFROMWORLD_CMD
0x0015bbb0	WorldManagerSession::wms_NC_USER_CONNECTCUT2ZONE_CMD
0x0015bc50	WorldManagerSession::wms_NC_ZONE_PRISON_END_CMD
0x0015bd50	WorldManagerSession::wms_NC_CHAR_ZONE_SINGLE_OPTION_CMD
0x0015bea0	WorldManagerSession::wms_NC_RAID_ZONE_MAKE_CMD
0x0016c4e0	CAnnounceSystem::Send_PROTO_NC_ANNOUNCE_Z2W_CMD
0x0016e080	CQuestZone::Send_NC_QUEST_SCRIPT_CMD_REQ
0x0016e190	CQuestZone::Send_NC_QUEST_DB_SET_INFO_REQ
0x0016e2e0	CQuestZone::Send_NC_QUEST_DB_CLEAR_REQ
0x0016e430	CQuestZone::Send_NC_QUEST_GIVE_UP_ACK
0x0016e570	CQuestZone::Send_NC_QUEST_DB_GIVE_UP_REQ
0x0016e6c0	CQuestZone::Recv_NC_QUEST_DB_GIVE_UP_ACK
0x0016e7d0	CQuestZone::Send_NC_QUEST_CLIENT_SCENARIO_DONE_ACK
0x0016e900	CQuestZone::Send_NC_QUEST_SCENARIO_RUN_CMD
0x0016ea30	CQuestZone::Send_NC_QUEST_SELECT_START_ACK
0x0016eb80	CQuestZone::Recv_NC_QUEST_REWARD_SELECT_ITEM_INDEX_CMD
0x0016ec60	CQuestZone::Send_NC_QUEST_REWARD_NEED_SELECT_ITEM_CMD
0x0016ed90	CQuestZone::Send_NC_QUEST_DB_READ_REQ
0x0016ef00	CQuestZone::MakeStruct_NC_CHARSAVE_QUEST_DOING_REQ
0x0016f040	CQuestZone::MakeStruct_NC_CHARSAVE_2WLDMAN_QUEST_DOING_CMD
0x0016f170	CQuestZone::MakeStruct_NC_CHARSAVE_2WLDMAN_QUEST_DONE_CMD
0x0016f290	CQuestZone::MakeStruct_NC_CHARSAVE_2WLDMAN_QUEST_READ_CMD
0x0016f3b0	CQuestZone::MakeStruct_NC_CHARSAVE_2WLDMAN_QUEST_REPEAT_CMD
0x0016f630	CQuestZone::Send_NC_QUEST_DB_DONE_REQ
0x001706c0	CQuestZone::Recv_NC_QUEST_SCRIPT_CMD_ACK
0x00170880	CQuestZone::Recv_NC_QUEST_GIVE_UP_REQ
0x00170a20	CQuestZone::Recv_NC_QUEST_CLIENT_SCENARIO_DONE_REQ
0x00171b80	CQuestZone::Recv_NC_QUEST_DB_SET_INFO_ACK
0x00171f10	CQuestZone::Recv_NC_QUEST_DB_CLEAR_ACK
0x001720c0	CQuestZone::Recv_NC_ITEMDB_QUESTREWARD_ACK
0x001723f0	CQuestZone::Recv_NC_QUEST_DB_DONE_ACK
0x00172b00	CQuestZone::Recv_NC_QUEST_SELECT_START_REQ
0x00172cb0	std::vector<PROTO_NC_QUEST_NOTIFY_MOB_KILL_CMD::MobOfQuest,std::allocator<PROTO_NC_QUEST_NOTIFY_MOB_KILL_CMD::MobOfQuest> >::_Xlen
0x00172d20	std::vector<PROTO_NC_QUEST_NOTIFY_MOB_KILL_CMD::MobOfQuest,std::allocator<PROTO_NC_QUEST_NOTIFY_MOB_KILL_CMD::MobOfQuest> >::_Insert_n
0x00172f60	CQuestZone::Send_NC_QUEST_NOTIFY_MOB_KILL_CMD
0x001730f0	CQuestZone::Recv_NC_QUEST_DB_READ_ACK
0x00173260	std::vector<PROTO_NC_QUEST_NOTIFY_MOB_KILL_CMD::MobOfQuest,std::allocator<PROTO_NC_QUEST_NOTIFY_MOB_KILL_CMD::MobOfQuest> >::push_back
0x0017c0a0	CCharacterTitleZone::Send_NC_CT_SET_CURRENT_ACK
0x0017c240	CCharacterTitleZone::Send_NC_CT_SET_CMD
0x0017c330	CCharacterTitleZone::Send_NC_CT_DB_SET_CMD
0x0017c460	CCharacterTitleZone::Send_NC_CT_SET_CURRENT_DB_CMD
0x0017c790	ShineObjectClass::ShinePlayer::sp_NC_CT_SET_CURRENT_REQ
0x0017df30	CGuildZone::Send_NC_GUILD_ZONE_LIST_REQ
0x0017e020	CGuildZone::Recv_NC_GUILD_ZONE_MAKE_CMD
0x0017e3c0	CGuildZone::Recv_NC_GUILD_ZONE_WAR_START_CMD
0x0017e410	CGuildZone::Recv_NC_GUILD_ZONE_WAR_END_CMD
0x0017e5b0	CGuildZone::Recv_NC_GUILD_ZONE_LIST_ACK
0x0017e600	CGuildZone::Recv_NC_GUILD_ZONE_DELETE_CMD
0x001a4ea0	Send_NC_LOG_GAME_DATA_TYPE_G
0x001a6840	ShineObjectClass::ShinePlayer::sp_NC_GAMBLE_GAMBLEHOUSE_EXIT_REQ
0x001a6b20	ShineObjectClass::ShinePlayer::sp_NC_GAMBLE_COIN_BUY_REQ
0x001a6f90	ShineObjectClass::ShinePlayer::sp_NC_GAMBLE_COIN_SELL_REQ
0x001a7310	ShineObjectClass::ShinePlayer::sp_NC_GAMBLE_COIN_VIPCARD_UI_OPEN_REQ
0x001a7610	ShineObjectClass::ShinePlayer::sp_NC_GAMBLE_TYPE_AND_WHERE_STAND_REQ
0x001a7fd0	WorldManagerSession::wms_NC_GAMBLE_ZONE_PREVMAPNAME_CMD
0x001a80b0	WorldManagerSession::wms_NC_CHAR_ZONE_COININFO_CMD
0x001a8180	GameDBSession::gds_NC_GAMBLE_EXCHANGEDCOIN_DB_INFO_ACK
0x001a8260	GameDBSession::gds_NC_GAMBLE_COIN_DB_BUY_ACK
0x001a83b0	GameDBSession::gds_NC_GAMBLE_COIN_DB_SELL_ACK
0x001a8500	GameDBSession::gds_NC_GAMBLE_COIN_DB_USE_COINITEM_ACK
0x001a86b0	WorldManagerSession::wms_NC_GAMBLE_EXCHANGEDCOIN_INIT_CMD
0x001ad310	ShineObjectClass::ShinePlayer::sp_NC_GAMBLE_DICE_TAISAI_GAME_JOIN_REQ
0x001ad620	ShineObjectClass::ShinePlayer::sp_NC_GAMBLE_DICE_TAISAI_GAME_LEAVE_REQ
0x001ad880	ShineObjectClass::ShinePlayer::sp_NC_GAMBLE_DICE_TAISAI_ALL_RANK_REQ
0x001ad9e0	ShineObjectClass::ShinePlayer::sp_NC_GAMBLE_DICE_TAISAI_CURR_RANK_REQ
0x001adb40	ShineObjectClass::ShinePlayer::sp_NC_GAMBLE_DICE_TAISAI_BETTING_REQ
0x001adde0	ShineObjectClass::ShinePlayer::sp_NC_GAMBLE_DICE_TAISAI_BETTING_CANCEL_REQ
0x001ae080	GameDBSession::gds_NC_GAMBLE_DICE_TAISAI_DB_DICE_ROLL_RESULT_ACK
0x001ae200	GameDBSession::gds_NC_GAMBLE_DICE_TAISAI_DB_ALL_RANK_ACK
0x001aec90	ShineObjectClass::ShinePlayer::sp_NC_GAMBLE_SLOTMACHINE_GAME_JOIN_REQ
0x001aefa0	ShineObjectClass::ShinePlayer::sp_NC_GAMBLE_SLOTMACHINE_GAME_LEAVE_REQ
0x001af1a0	ShineObjectClass::ShinePlayer::sp_NC_GAMBLE_SLOTMACHINE_START_REQ
0x001af2c0	ShineObjectClass::ShinePlayer::sp_NC_GAMBLE_SLOTMACHINE_STOPBUTTON_REQ
0x001af400	ShineObjectClass::ShinePlayer::sp_NC_GAMBLE_SLOTMACHINE_WHEELSTOP_REQ
0x001af540	ShineObjectClass::ShinePlayer::sp_NC_GAMBLE_SLOTMACHINE_JACKPOTRANKING_REQ
0x001af660	ShineObjectClass::ShinePlayer::sp_NC_GAMBLE_SLOTMACHINE_WINRANKING_REQ
0x001b00c0	GameDBSession::gds_NC_GAMBLE_SLOTMACHINE_DB_RESULT_ACK
0x001b2cf0	std::vector<PROTO_NC_QUEST_NOTIFY_MOB_KILL_CMD::MobOfQuest,std::allocator<PROTO_NC_QUEST_NOTIFY_MOB_KILL_CMD::MobOfQuest> >::~vector<PROTO_NC_QUEST_NOTIFY_MOB_KILL_CMD::MobOfQuest,std::allocator<PROTO_NC_QUEST_NOTIFY_MOB_KILL_CMD::MobOfQuest> >
0x001b6aa0	GameDBSession::gds_NC_GAMBLE_SLOTMACHINE_DB_GAMEINFO_ACK
0x001cee00	CQuest::Recv_NC_CHAR_QUEST_DOING_CMD_ACK
0x001ceef0	CQuest::Recv_NC_CHAR_QUEST_DONE_CMD_ACK
0x001cefd0	CQuest::Recv_NC_CHAR_QUEST_READ_CMD_ACK
0x001cf0b0	CQuest::Recv_NC_CHAR_QUEST_REPEAT_CMD_ACK
0x001d41a0	std::vector<PROTO_NC_QUEST_NOTIFY_MOB_KILL_CMD::MobOfQuest,std::allocator<PROTO_NC_QUEST_NOTIFY_MOB_KILL_CMD::MobOfQuest> >::_Ufill
0x0025862c	erSession::wms_NC_PARTY_JOIN_CMD
0x0027d178	ctClass::ShinePlayer::sp_NC_PARTY_MEMBERINFOREQ_CMD
0x0027d398	eObjectClass::ShinePlayer::sp_NC_PARTY_MEMBERINFOREQ_CMD
0x0027d3cc	gerSession::wms_NC_PARTY_DISMISS_CMD
0x0027d42c	ession::wms_NC_PARTY_LOGOUT_CMD
0x0027d430	anagerSession::wms_NC_PARTY_ITEM_LOOTING_ZONE_CMD
0x0027d568	wms_NC_PARTY_KICKOFF_CMD
0x0027d65c	dManagerSession::wms_NC_PARTY_DISMISS_CMD
0x0027d808	nagerSession::wms_NC_PARTY_LOGOUT_CMD
0x0027d80c	orldManagerSession::wms_NC_PARTY_LOGOUT_CMD
0x0027d960	hinePlayer::sp_NC_PARTY_MEMBERINFOREQ_CMD
0x0027d9f8	ms_NC_PARTY_DISMISS_CMD
0x00289148	layer::sp_NC_PARTY_MEMBERINFOREQ_CMD
0x0028d030	on::wms_NC_PARTY_LOGIN_CMD
0x0028d034	rldManagerSession::wms_NC_PARTY_JOIN_CMD
0x0028d4a0	n::wms_NC_PARTY_FUNDAMENTAL_CMD
0x0028d4b0	rSession::wms_NC_PARTY_FUNDAMENTAL_CMD
0x002d7d9c	ss::ShinePlayer::sp_NC_PARTY_MEMBERINFOREQ_CMD
0x0049c220	dManagerSession::wms_NC_PARTY_KICKOFF_CMD
0x09f40270	ssion::wms_NC_PARTY_DISMISS_CMD
0x0c3f5f98	s_NC_PARTY_ITEM_LOOTING_ZONE_CMD
0x11f570d8	::wms_NC_PARTY_JOIN_CMD
0x12084d28	ms_NC_PARTY_MEMBERINFORM_ACK
0x12089510	NC_PARTY_FUNDAMENTAL_CMD
0x120aa0d0	Session::wms_NC_PARTY_LEAVE_CMD
0x120aaf68	erSession::wms_NC_PARTY_ZONE_SET_LOOTER_CMD
0x13b6cd38	Session::wms_NC_PARTY_ITEM_LOOTING_ZONE_CMD
0x13b6cd9c	::wms_NC_PARTY_LOGOUT_CMD
0x143203e8	ldManagerSession::wms_NC_PARTY_LEAVE_CMD
0x1432a4a8	n::wms_NC_PARTY_DISMISS_CMD
0x1432a59c	orldManagerSession::wms_NC_PARTY_LOGIN_CMD
